id,dt,Durazno,Sarandi_del_yi,Polanco_del_yi,Sarandi_del_Yi_level,Polanco_level,Sarandi_del_Yi_precipitation,Polanco_precipitation,Durazno_precipitation,Precipitaciones_IMERG_Durazno,Precipitaciones_MERRA_Durazno,Precipitaciones_IMERG_Polanco_del_Yi,Precipitaciones_MERRA_Polanco_del_Yi,Precipitaciones_IMERG_Sarandi_del_Yi,Precipitaciones_MERRA_Sarandi_del_Yi,humedad_suelo,Temperatura,ET
1,3/19/19,0.0,0.0,0.0,1.16,2.22,0.0,0.0,0.0,0.351287246,1.88e-20,0.12086793,1.88e-20,0.004296775,1.13e-05,0.2491573276002592,12.050885084972276,2.711579255782937
2,10/8/19,0.0,0.0,0.0,1.93,5.1,0.0,0.0,0.0,0.459275782,2.69e-16,0.517124176,2.69e-16,0.249224856,1.38e-17,0.2657605517592677,10.15654069575326,3.6683957727028367
3,5/6/20,0.0,0.0,0.0,1.2,2.41,0.0,5.0,0.0,0.0,0.00435859,0.0,0.00435859,0.0,1.54e-05,0.2634945797572914,23.977855355482102,2.000760457515934
4,10/28/17,0.0,0.001,0.0,2.08,3.08,0.0,14.0,0.0,0.0,3.54e-05,0.0,3.54e-05,0.0,1.7e-08,0.2659478494615383,12.677780181728895,3.245837933807591
5,2/26/16,0.011,0.008,0.028,1.2,1.42,0.0,5.0,6.0,23.8280525,1.98e-08,24.7419815,1.98e-08,24.399065,1.37e-07,0.3308570191670828,15.393558259918798,3.3758104861755776
6,7/15/16,0.001,0.002,0.0,2.25,4.44,9.0,8.0,4.0,0.0,0.032494962,0.0,0.032494962,0.0,0.036250055,0.1883809340260752,18.33752468409629,3.8487747250838513
7,12/4/18,0.0,0.0,0.0,1.19,1.72,0.0,0.0,0.0,0.0,0.011909008,0.0,0.011909008,0.0,5.64e-05,0.2198275918583162,19.751740028017213,2.689740467507157
8,1/31/16,0.0,0.0,0.0,1.06,1.58,0.0,0.0,0.0,0.0,0.030121207,0.000944895,0.030121207,3.93643236,0.002164207,0.2049982656868013,14.765820524426417,2.67313479944713
9,5/19/19,0.009,0.008,0.005,1.14,1.68,37.0,43.0,21.0,28.4769325,0.0,27.2500916,0.0,28.8859997,8.34e-12,0.325871518796305,24.800699367642817,2.6431941684480567
10,7/26/16,0.005,0.01,0.003,1.88,5.04,30.0,55.0,43.0,0.613798797,0.00089854,2.206738,0.00089854,5.92385435,0.00754036,0.2774742119197012,20.240194894961945,3.1047402735749685
11,10/30/15,0.032,0.043,0.011,1.38,2.55,0.0,0.0,2.0,2.54431915,3.82289886,3.78312469,3.82289886,2.97409439,0.613903999,0.3165012590727567,15.219554722467713,3.5181279255373923
12,7/2/19,0.0,0.0,0.0,2.63,5.97,0.0,0.0,0.0,0.010308041,0.003677979,0.001233704,0.003677979,0.00982169,0.007587299,0.2172673576032165,12.876145146013393,3.1851914172740745
13,1/10/17,0.009,0.008,0.0,0.65,2.36,0.0,0.0,10.0,0.289452046,2.19e-06,0.100738682,2.19e-06,0.007297204,1.43e-05,0.3346168678015132,21.23523530814464,2.505801610568497
14,5/25/16,0.0,0.0,0.0,1.19,2.69,0.0,0.0,0.0,0.000897545,0.008837879,0.014765915,0.008837879,0.397837251,0.005230308,0.2645280706137543,18.05252063934752,2.5135186431666803
15,7/5/20,0.0,0.0,0.0,1.93,4.32,0.0,0.0,0.0,0.0,0.025346875,0.0,0.025346875,0.0,0.095003843,0.1813413391001558,16.72265661060225,3.616432536703447
16,8/9/18,0.006,0.005,0.001,1.33,2.97,0.0,17.0,9.0,0.262895495,0.004040077,0.046690468,0.004040077,0.133512929,2.28e-07,0.4273182427382082,12.744036256979314,3.465702245624981
17,7/9/15,0.0,0.0,0.0,0.95,1.52,0.0,0.0,0.0,0.032037601,3.49e-06,0.027773436,3.49e-06,0.06814076,1.06e-07,0.2607078738378242,16.1396945135856,2.613502992387405
18,7/2/20,0.0,0.0,0.0,2.14,4.41,0.0,0.0,0.0,0.0,0.425291061,0.0,0.425291061,0.005146103,0.383770466,0.3453105389801134,15.419548391632777,2.472415148063791
19,1/11/17,0.0,0.0,0.0,0.71,2.38,0.0,0.0,0.0,0.0,2.97e-06,0.0,2.97e-06,0.0,7.28e-05,0.2349995611955447,20.114843678467658,3.375186142465135
20,6/18/17,0.001,0.003,0.0,1.24,2.24,1.0,0.0,0.0,0.0,0.000226626,0.0,0.000226626,0.173241228,1.5e-06,0.3432197610954239,19.76882491324537,3.7339552374060734
21,1/10/19,0.004,0.006,0.006,3.56,7.045,5.0,19.0,4.0,1.1921885,0.012284517,1.02178955,0.012284517,0.589692116,0.000507524,0.1668666752806403,18.395841302691245,3.6402323009249433
22,5/13/18,0.0,0.0,0.0,1.23,2.29,0.0,0.0,0.0,0.0,0.003062747,0.007546276,0.003062747,0.000266651,0.003392156,0.2419338483253855,16.292245805952426,2.566569056893092
23,11/24/17,0.003,0.003,0.003,1.11,1.93,10.0,0.0,4.0,1.82930434,3.37e-08,1.42649972,3.37e-08,11.3927126,2.29e-06,0.1764560910915502,16.92622724007715,3.399427583984718
24,11/6/16,0.0,0.0,0.0,1.38,2.91,0.0,0.0,0.0,0.0,0.008418784,0.0,0.008418784,0.0,0.041131675,0.2206094045581743,12.723501093129112,2.3290847979859937
25,9/4/17,0.016,0.022,0.016,1.75,5.64,22.0,60.0,56.0,45.8028603,0.008599833,35.6094284,0.008599833,29.9313736,0.05761385,0.2745614698327273,9.802700351661173,3.325392221224737
26,2/19/18,0.0,0.001,0.007,1.045,1.16,0.0,0.0,0.0,24.2651558,0.000182621,21.771122,0.000182621,14.651968,0.000198808,0.3426641319584517,18.17961634462484,3.943689518359716
27,12/30/19,0.01,0.006,0.025,1.1175,1.44,0.0,0.0,0.0,21.5900269,2.35e-24,13.1066284,2.35e-24,8.59505749,0.0,0.253678457316807,13.93756140138871,3.341098950284004
28,4/9/16,0.014,0.023,0.001,1.2,3.37,2.0,1.0,2.0,1.85662842,0.072365999,3.71390748,0.072365999,13.4572868,0.110989809,0.3249674173898041,9.768992377771498,3.374556892943353
29,4/2/16,0.014,0.004,0.064,0.92,1.55,17.0,41.0,36.0,74.6736526,12.7441406,53.6699028,12.7441406,30.8160362,26.9371033,0.2461599203587054,8.476997736803984,3.614330953539372
30,12/11/19,0.0,0.0,0.0,1.13,1.55,0.0,0.0,0.0,0.002551775,0.002747588,0.0,0.002747588,0.050170623,0.005568936,0.3259017285292633,18.25145673072519,3.358045858383014
31,6/1/20,0.0,0.0,0.0,1.29,2.31,0.0,0.0,0.0,0.0,0.003595836,0.0,0.003595836,0.0,0.001802947,0.256008105964307,18.7333464876435,2.363044748278962
32,5/20/16,0.0,0.0,0.0,1.31,3.49,0.0,0.0,0.0,0.394566149,2.39e-07,0.221105456,2.39e-07,0.364429682,2.53e-06,0.3003077668461727,21.26291383601488,3.918715523656833
33,3/25/20,0.0,0.0,0.0,1.1,1.46,0.0,0.0,0.0,0.186350882,4.13e-05,0.02682988,4.13e-05,0.0,0.000132801,0.212963894513359,23.135773295581163,2.617001750512635
34,1/15/16,0.0,0.0,0.0,1.37,2.31,0.0,0.0,0.0,0.0,0.004266389,0.0,0.004266389,0.0,0.004021637,0.2445590890592252,12.570022446532672,2.708657103066253
35,6/10/15,0.004,0.003,0.0,1.09,1.42,2.0,0.0,0.0,0.000460496,0.000314321,0.044382386,0.000314321,2.88499928,0.003523752,0.2229425845562157,18.867691035006118,2.2831623672297274
36,6/6/16,0.0,0.0,0.0,1.41,3.91,0.0,0.0,0.0,0.0,2.3e-08,0.0,2.3e-08,0.0,3.41e-07,0.2444088046646931,17.647324868112758,2.925375359244792
37,3/20/18,0.0,0.0,0.0,1.0,1.44,0.0,0.0,0.0,0.0,0.036236644,0.0,0.036236644,0.0,0.013773143,0.2775889161973333,19.294294182604894,2.293810356933245
38,4/20/19,0.0,0.0,0.0,1.09,1.52,0.0,0.0,0.0,0.020430652,0.007486716,0.0,0.007486716,0.0,0.007396191,0.2419097262679007,15.585762643509732,1.9884878492679192
39,3/3/18,0.003,0.0,0.001,0.99,1.3,0.0,0.0,0.0,0.001509154,4.53e-05,8.63364601,4.53e-05,1.33009636,0.001496589,0.3127926211925166,14.086719465646306,2.8731772015988946
40,6/23/18,0.008,0.012,0.002,2.07,2.49,5.0,22.0,18.0,8.32528496,0.000133796,3.92184877,0.000133796,4.23091888,9.59e-07,0.1571270145792794,24.637089002419813,4.142851296254552
41,9/3/19,0.0,0.0,0.0,2.5,3.61,0.0,0.0,0.0,0.0,1.82e-26,0.0,1.82e-26,0.0,6.15e-06,0.3071266291975185,19.56442325092381,3.965272018718169
42,6/26/18,0.0,0.0,0.0,1.9275,3.57,0.0,0.0,0.0,0.068879068,0.000461424,0.105339274,0.000461424,0.118711144,1.72e-05,0.2897525150586584,9.780846346985944,3.651551076541955
43,9/16/16,0.0,0.0,0.0,2.78,6.93,0.0,0.0,0.0,0.311405689,8.72e-15,0.203031048,8.72e-15,0.402044117,1.04e-10,0.2183054831885725,16.324914849508104,2.5434595909843662
44,11/20/15,0.004,0.005,0.001,1.23,2.02,12.0,22.0,11.0,0.067393385,0.027123839,0.645328999,0.027123839,2.66650391,0.154709816,0.2678507313174795,12.206432468570291,2.865479449078362
45,7/30/15,0.004,0.003,0.009,1.04,1.3,0.0,0.0,0.0,1.46930599,0.137758255,0.751591146,0.137758255,3.24697948,0.091007352,0.278350699727845,11.449248091568972,3.4535848502171014
46,9/9/16,0.0,0.0,0.0,3.1,7.28,0.0,0.0,0.0,0.0,0.000395312,0.0,0.000395312,0.0,1.45e-07,0.2168891628002578,15.474576183742569,2.7644687871551703
47,4/12/20,0.0,0.0,0.0,1.1,1.5,0.0,0.0,0.0,0.042777281,0.002131518,0.174530879,0.002131518,0.511128902,0.034734607,0.2582173992921552,14.315176150278216,2.648653527197506
48,12/25/18,0.0,0.0,0.0,1.44,4.69,0.0,0.0,0.0,0.0,0.00256151,0.0,0.00256151,0.0,0.04272759,0.238343872889313,14.75122723674232,3.799045403757766
49,12/19/16,0.009,0.01,0.0,1.17,1.57,0.0,0.0,2.0,0.261487573,0.0,0.210221112,0.0,0.168187261,8.71e-09,0.2505917208355043,15.072602276773438,3.6682240722584463
50,11/22/17,0.0,0.0,0.0,1.15,2.08,0.0,0.0,0.0,0.0,2.27e-08,0.0,2.27e-08,0.0,8.8e-09,0.2107346884921203,16.512115713809433,2.4817270019559845
51,11/2/17,0.017,0.014,0.012,1.37,3.79,0.0,0.0,0.0,20.0362015,0.002438296,26.2399406,0.002438296,30.8973503,0.005351007,0.2547462011002375,17.655313945539078,2.3534069415914
52,6/29/17,0.015,0.032,0.001,1.2,1.97,0.0,0.0,0.0,1.37890506,3.34e-08,1.97086251,3.34e-08,3.66902375,4.44e-07,0.2169606461565131,18.80522772551,3.230566984981097
53,3/9/18,0.0,0.0,0.0,0.93,1.4,0.0,0.0,0.0,0.0,1.06e-05,0.135107562,1.06e-05,0.0,2.64e-09,0.1794129086541668,16.30951356249335,4.429276905142968
54,10/6/15,0.0,0.0,0.001,2.01,7.01,0.0,0.0,0.0,0.130010068,3.5e-06,0.035197903,3.5e-06,0.015611294,4.67e-06,0.2325538867312221,20.55194361660211,3.049803062760969
55,8/28/18,0.0,0.0,0.0,2.32,4.74,0.0,0.0,0.0,0.0,0.028082728,0.0,0.028082728,0.0,0.015241653,0.2139750747396349,18.868113423113467,3.012596377068536
56,3/3/19,0.0,0.0,0.0,1.26,3.14,0.0,0.0,0.0,0.0,0.006249547,0.0,0.006249547,0.0,0.005067699,0.2505848703936883,20.56717854424341,3.585087758849524
57,8/5/17,0.0,0.0,0.0,2.2,5.34,0.0,0.0,0.0,0.0,3.53e-06,0.0,3.53e-06,0.0,1.06e-06,0.2820576481227128,20.90688881949534,3.1024870230281647
58,3/22/17,0.003,0.001,0.015,1.16,2.15,0.0,0.0,0.0,0.076629631,8.15e-05,0.00711743,8.15e-05,0.0,0.000441098,0.2929927897003846,12.655787665861236,3.287828987701931
59,6/17/20,0.0,0.0,0.0,1.3,2.04,0.0,0.0,0.0,1.5504123,0.328087807,0.878846288,0.328087807,0.579032302,0.333237648,0.2681365207093287,5.9998199313681,3.178978230292443
60,7/24/16,0.0,0.0,0.0,1.22,3.29,0.0,0.0,0.0,0.0,0.010544434,0.0,0.010544434,0.0,0.062629581,0.2979477117448885,15.39445468957867,3.0110179336587075
61,8/22/18,0.0,0.0,0.0,2.14,4.47,0.0,0.0,0.0,0.0,0.007372722,0.0,0.007372722,0.445520222,0.003802031,0.2946174013510976,17.123152596962505,2.5265917699113865
62,1/4/18,0.0,0.0,0.0,1.055,1.63,0.0,0.0,0.0,0.0,0.00032637,0.0,0.00032637,0.0,0.002340227,0.2690162507353798,15.528278510099492,2.8960891672223497
63,2/18/20,0.029,0.038,0.021,1.15,1.58,19.0,29.0,34.0,38.5136032,1.09e-18,39.058651,1.09e-18,42.9200439,0.001507066,0.2467256605419111,17.69931301832931,2.8805968180732093
64,7/6/16,0.014,0.012,0.013,5.4,6.98,18.0,10.0,34.0,7.55252314,0.000842172,6.21289539,0.000842172,4.85303259,0.000572903,0.2562841181980941,25.28324216830641,2.9560317156457625
65,4/14/17,0.0,0.0,0.0,1.14,1.84,0.0,0.0,0.0,0.0,0.063943863,0.0,0.063943863,0.009892896,0.035713613,0.2174079883396583,13.535782814626934,3.003487685283475
66,2/3/17,0.0,0.0,0.0,1.12,2.71,0.0,0.0,0.0,0.0,6.46e-06,0.0,6.46e-06,0.0,8e-05,0.2289909440734911,12.417164844990388,3.317674625105307
67,1/9/19,0.006,0.01,0.005,4.76,7.1525,0.0,0.0,0.0,1.97010183,0.000661751,1.77179325,0.000661751,3.24120498,6.93e-05,0.2036677557490954,19.926546780680336,2.9706209453099524
68,3/18/16,0.015,0.015,0.028,1.0,1.26,0.0,0.0,0.0,29.5465202,0.021383911,33.0612526,0.021383911,35.9051361,0.011161342,0.2836262424696846,11.603704604240493,3.3246381001713656
69,4/6/19,0.0,0.0,0.0,1.11,1.61,0.0,0.0,0.0,0.009489626,0.0,0.00238418,0.0,0.0,9.79e-19,0.3564580300051535,24.80178882743937,3.2828713723244998
70,3/30/18,0.0,0.0,0.0,1.03,1.31,0.0,0.0,0.0,0.0,0.149667263,0.0,0.149667263,0.0,0.163078308,0.3067851379225487,12.669464714810562,2.394344436734663
71,3/21/19,0.0,0.0,0.0,1.15,2.04,0.0,0.0,0.0,0.0,0.013981015,0.0,0.013981015,0.0,0.013347343,0.31934850074191,16.230858451337244,2.534819641638893
72,8/13/17,0.0,0.0,0.0,6.11,6.75,11.0,0.0,0.0,0.22775571,0.01283437,0.248954311,0.01283437,0.429429084,0.01744777,0.2454500841452808,16.81561158725184,4.0015458458314965
73,8/12/18,0.0,0.0,0.0,1.28,2.82,0.0,0.0,0.0,0.0,0.000638282,0.0,0.000638282,0.0,7.9e-07,0.1761780434016822,15.142526584361311,2.417591504999497
74,12/29/19,0.0,0.0,0.001,1.12,1.44,0.0,0.0,0.0,0.133352131,3.93e-25,0.426265419,3.93e-25,0.277131557,0.0,0.2182325744984832,20.259516471793432,4.159757494504566
75,8/14/15,0.031,0.029,0.002,6.11,10.03,4.0,8.0,1.0,39.5505219,0.020203739,37.4388428,0.020203739,30.4456272,0.020351261,0.2865139301452283,13.48202882455812,2.9778714735005205
76,7/30/16,0.0,0.0,0.0,3.11,6.52,0.0,0.0,0.0,0.0,0.000458281,0.0,0.000458281,0.0,6.89e-05,0.2533580781616838,12.779888194552235,2.634459672620285
77,1/24/16,0.0,0.0,0.0,1.6,1.67,0.0,0.0,0.0,0.0,4.65e-05,0.0,4.65e-05,0.0,6.77e-06,0.2784940280215052,22.006587177315986,2.81905495436173
78,6/5/15,0.004,0.036,0.001,1.14,1.48,0.0,0.0,0.0,0.006822988,0.386452675,0.064335302,0.386452675,1.98209369,0.293648243,0.19964177334225,24.4240949497379,2.685328915905934
79,3/10/20,0.0,0.0,0.001,1.09,1.35,25.0,18.0,0.0,0.429630399,3.4e-05,0.774222076,3.4e-05,7.92906904,5.5e-10,0.2598890793501363,16.21605415501205,3.429666226984498
80,11/11/16,0.0,0.0,0.0,1.22,2.15,0.0,0.0,0.0,0.0,5.16e-28,0.0,5.16e-28,0.0,4.04e-06,0.1986051648903079,12.311871135931408,3.1409574628340176
81,6/20/18,0.0,0.0,0.0,2.02,2.89,0.0,0.0,0.0,0.0,0.002453383,0.0,0.002453383,0.0,8.5e-09,0.2371918751356127,15.964626749347374,3.068713351869348
82,11/24/18,0.0,0.0,0.0,1.09,2.15,0.0,4.0,4.0,0.0,1.68e-08,0.001451935,1.68e-08,0.0,1.91e-09,0.168896709263335,20.353511045490563,2.3042513475859105
83,4/30/15,0.001,0.002,0.001,0.51,1.42,1.0,9.0,5.0,0.981732845,4.06e-22,0.984302998,4.06e-22,0.858229339,2.32e-23,0.1522541341043556,14.936685007881191,2.8181071797246235
84,7/22/18,0.002,0.002,0.001,3.6525,6.47,0.0,0.0,0.0,3.46422696,2.37e-06,3.70507193,2.37e-06,5.80183649,4.2e-06,0.2930086436676419,17.371652855357546,2.9856782455312363
85,1/29/16,0.001,0.001,0.001,1.05,1.56,0.0,0.0,0.0,0.046709411,0.010011345,0.200249076,0.010011345,1.14934158,0.000149827,0.3026608710285329,11.71648436051841,2.563825937634604
86,8/27/19,0.0,0.0,0.0,1.55,2.48,3.0,0.0,0.0,0.009052286,3.9399999999999998e-28,0.0,3.9399999999999998e-28,0.018381944,0.0,0.3260543522540943,18.05404840239495,3.3679118979652998
87,12/2/18,0.0,0.0,0.0,1.1,1.76,0.0,0.0,0.0,0.0,4.58e-05,0.0,4.58e-05,0.0,1.91e-16,0.2988972889602408,19.54169600508996,1.418697194967825
88,10/6/16,0.0,0.0,0.0,1.19,1.97,0.0,0.0,0.0,0.025185634,0.099295378,0.367208362,0.099295378,0.04099571,0.018956512,0.3036309767970085,17.151946976091516,3.412659909979316
89,12/2/17,0.0,0.0,0.0,1.1,1.67,0.0,0.0,0.0,0.078193173,7.55e-12,0.037582353,7.55e-12,0.018574808,1.37e-09,0.2315640684146679,20.086111209062786,2.6583613973344056
90,4/30/19,0.0,0.0,0.0,1.11,1.51,0.0,0.0,0.0,0.002242181,0.0,0.0,0.0,0.032557949,0.0,0.2000490051954476,14.243294147271731,2.986643139529748
91,12/13/19,0.0,0.0,0.0,1.12,1.56,0.0,0.0,0.0,0.0,0.006056763,0.0,0.006056763,0.0,0.009002164,0.3236543543743601,12.990968998159332,2.287461032660739
92,12/1/16,0.0,0.0,0.0,1.46,3.84,0.0,0.0,0.0,0.0,2.03e-05,0.0,2.03e-05,0.0,4.94e-06,0.2052871291685193,18.17871242184208,4.18588892435524
93,12/8/15,0.0,0.0,0.0,1.37,1.69,0.0,0.0,0.0,0.0,0.016220659,0.0,0.016220659,0.0,0.011174753,0.244586743952491,15.504323487843536,3.0756566834313546
94,6/20/19,0.0,0.0,0.0,3.57,11.35,0.0,0.0,0.0,0.044122819,0.006050058,0.045677044,0.006050058,0.012379447,7.3e-05,0.304723602034446,23.322077805278106,2.673335928991513
95,8/7/16,0.0,0.0,0.0,2.69,4.11,0.0,0.0,0.0,0.004109325,2.52e-07,0.003461057,2.52e-07,0.00287848,1.27e-07,0.324216318668694,19.56290153873477,2.6527554731413447
96,4/18/16,0.026,0.053,0.003,6.99,8.95,158.0,127.0,51.0,8.25196648,0.007164851,12.0080013,0.007164851,20.9307289,0.015114248,0.1172827151398768,17.629109323535037,3.3617190943115185
97,12/11/15,0.0,0.0,0.0,1.38,1.6,0.0,0.0,0.0,0.0,0.022631139,0.0,0.022631139,0.0,0.011513382,0.2284928049054834,10.906319793419032,2.844656917155781
98,2/11/16,0.0,0.0,0.0,1.16,1.46,0.0,0.0,0.0,0.0,4.59e-06,0.0,4.59e-06,0.0,6.97e-06,0.3341711144599072,16.913444643624793,2.878380431406564
99,5/7/20,0.0,0.0,0.0,1.19,2.24,0.0,0.0,0.0,0.0,0.00460837,0.0,0.00460837,0.0,0.0002085,0.2188964230522979,13.418235933134532,3.034772436924144
100,2/15/20,0.0,0.001,0.0,1.11,1.48,26.0,0.0,1.0,0.0,2.17e-22,0.008196273,2.17e-22,0.021095714,1.16e-22,0.2707801133968099,12.806422574075482,2.9522568040075745
101,3/16/16,0.0,0.0,0.0,0.98,1.44,0.0,0.0,0.0,0.0,0.010158867,0.003045723,0.010158867,0.0,0.000233017,0.2121949024256922,18.4886739616746,3.571725408370922
102,8/7/15,0.02,0.024,0.044,2.62,2.53,153.0,68.0,68.0,9.90931702,4.92e-05,11.1503496,4.92e-05,7.94579649,0.00015386,0.204887273371877,23.540886927878795,3.209539642182786
103,3/2/19,0.0,0.0,0.0,1.29,3.76,0.0,0.0,0.0,0.0,0.025185943,0.0,0.025185943,0.0,0.026164949,0.2532782565564034,19.91852703471161,2.9264528112572976
104,7/8/16,0.0,0.0,0.0,3.66,8.53,0.0,0.0,0.0,0.005117436,0.000380434,0.002639189,0.000380434,0.101452105,1.93e-05,0.2294119880234165,17.815491558495072,4.093230072955311
105,7/21/15,0.0,0.0,0.0,1.02,1.55,0.0,0.0,0.0,0.0,0.305449963,0.0,0.305449963,0.0,0.283777714,0.2297010788127961,16.591348729924874,2.486372696366998
106,4/22/17,0.0,0.0,0.0,1.1,1.76,0.0,0.0,0.0,0.0,3.91e-06,0.0,3.91e-06,0.003926047,4.55e-05,0.2544197687187417,19.69317402395891,2.8505742953981668
107,10/22/16,0.0,0.0,0.0,1.2,2.0,0.0,0.0,0.0,0.0,7.79685974,0.0,7.79685974,0.007854443,0.726985931,0.2173946693619668,17.960276539726255,3.309740868903471
108,9/30/16,0.0,0.0,0.002,1.25,2.4,0.0,0.0,0.0,0.180794656,0.258886814,0.349094868,0.258886814,0.253320366,0.449109077,0.2854191197227639,19.11898055473144,2.2591802100983127
109,9/17/16,0.0,0.0,0.0,2.2,6.3,0.0,0.0,0.0,0.102579564,5.38e-14,0.027838303,5.38e-14,0.624096632,2.66e-07,0.1980178366953367,15.49505237709018,3.584651339014667
110,8/19/18,0.032,0.031,0.023,1.21,2.43,9.0,24.0,27.0,29.029932,0.000575208,24.1268139,0.000575208,29.7154903,0.001475634,0.1996946422250713,14.507331894787503,3.293875976259974
111,12/27/15,0.0,0.0,0.0,1.3,2.99,0.0,0.0,0.0,0.0,0.086125732,0.0,0.086125732,0.0,0.000479445,0.257204377541891,25.285255849829756,2.7895210350096167
112,4/15/17,0.001,0.003,0.0,1.15,1.78,0.0,0.0,0.0,0.006800805,0.050613284,0.01706554,0.050613284,0.009005684,0.02406612,0.2808990213669637,12.579807610625831,2.984378673421012
113,2/23/17,0.001,0.0,0.001,1.5,3.12,0.0,0.0,0.0,0.002282596,0.0005882,0.710704923,0.0005882,0.100511312,0.000751019,0.2844742041877836,15.644964237122656,4.128745477477049
114,2/1/16,0.0,0.0,0.0,1.06,1.65,0.0,0.0,0.0,0.0,0.128692389,0.0,0.128692389,0.0,0.070112944,0.1862965733986652,18.89730886606744,2.515742852332405
115,10/26/19,0.0,0.0,0.0,1.52,3.47,0.0,0.0,0.0,0.0,0.035820901,0.001457471,0.035820901,0.0,0.029021502,0.1629700467868841,17.175855064153865,3.092124489079908
116,10/14/15,0.004,0.009,0.0,1.49,3.43,0.0,0.0,0.0,0.0,5.3e-11,0.044890873,5.3e-11,0.92216748,1.92e-21,0.2519852528162119,20.163393093420293,3.101621521834756
117,7/19/15,0.001,0.004,0.0,0.85,1.36,0.0,0.0,0.0,0.009892158,0.513267517,0.0,0.513267517,0.0,0.750589371,0.2130848868284209,20.17921538041836,3.1652239132736493
118,9/13/18,0.0,0.0,0.0,1.27,2.6,0.0,0.0,0.0,0.501750708,0.113242865,0.901618302,0.113242865,0.154719383,0.127995014,0.262030333848087,14.54535086713648,3.0974334238065344
119,3/7/17,0.0,0.0,0.0,1.31,2.09,0.0,0.0,0.0,0.0,0.005074404,0.0,0.005074404,0.0,0.007272139,0.326224003037033,14.506640612375088,2.9893592958790505
120,1/21/19,0.0,0.0,0.0,2.5625,7.255,0.0,0.0,0.0,0.0,0.20223856,0.0,0.20223856,0.0,0.069576502,0.2574369508446873,21.010042043508776,3.796306639268579
121,11/23/16,0.0,0.0,0.0,1.31,1.87,0.0,0.0,0.0,0.0,0.0,0.0,0.0,0.0,0.0,0.1990035148807823,21.83577828743088,3.282836094653089
122,11/3/16,0.0,0.0,0.0,1.57,2.37,0.0,0.0,0.0,0.0,0.057399273,0.0,0.057399273,0.0,0.040259957,0.2808567388467561,19.5377602277139,2.298412824597124
123,5/9/20,0.0,0.0,0.0,1.17,2.02,0.0,0.0,0.0,0.0,1.37e-07,0.0,1.37e-07,0.0,2.16e-06,0.2437567256585192,13.689335797544942,3.5781388935204235
124,10/2/17,0.002,0.001,0.002,1.36,3.6,11.0,20.0,22.0,0.385451376,1.08e-09,0.489131778,1.08e-09,0.798763871,7.82e-09,0.3190237394618324,14.294807028804172,2.9432561340489656
125,12/21/18,0.003,0.003,0.002,2.29,6.785,3.0,5.0,9.0,1.10170639,0.075611472,2.19120622,0.075611472,10.1920719,0.01867488,0.3178248492168378,12.364935148024738,3.6006469669697383
126,4/1/18,0.001,0.001,0.0,1.03,1.26,0.0,0.0,0.0,0.006398048,0.039428473,0.008755159,0.039428473,0.216575027,0.029946864,0.2728250994624203,18.570377317086116,1.6178978602496985
127,4/1/16,0.0,0.0,0.001,0.91,1.56,0.0,0.0,0.0,1.55431867,19.7135925,0.460734129,19.7135925,0.016219169,13.3586884,0.2322088420156319,11.88308510001109,2.8145970732913783
128,7/28/17,0.0,0.0,0.0,1.52,2.87,0.0,0.0,0.0,0.085208438,2.21e-10,0.092537783,2.21e-10,0.117365144,1.65e-11,0.2912340298137312,14.566339212351696,4.052006042162861
129,11/20/18,0.0,0.0,0.0,1.16,2.96,0.0,0.0,0.0,0.0,4.24e-14,0.0,4.24e-14,0.0,1.74e-14,0.2696524197589264,18.420134503190106,3.1144986566219663
130,1/17/19,0.008,0.01,0.001,5.18,6.93,0.0,0.0,0.0,1.57009506,0.302016735,1.73729479,0.302016735,2.00109458,0.143605471,0.3782085189083394,15.695419142668696,2.969175308601797
131,5/3/16,0.001,0.001,0.0,1.43,4.14,0.0,0.0,0.0,0.140431702,0.001506647,0.136693135,0.001506647,0.535849631,0.000821217,0.1656820648014362,15.62746617055782,2.781616844477246
132,6/2/20,0.0,0.0,0.0,1.27,2.19,0.0,0.0,0.0,0.002886718,5.84e-07,0.0,5.84e-07,0.0,2.2e-05,0.3803406044428563,19.107096629089703,2.2307312818416447
133,8/23/18,0.0,0.0,0.0,1.48,4.4,0.0,0.0,0.0,0.0,0.000883033,0.0,0.000883033,0.001324773,0.001471443,0.2280943146927492,19.69407901415921,2.524893047526911
134,8/27/16,0.028,0.026,0.054,1.27,2.24,0.0,0.0,0.0,11.0578766,8.08e-08,16.3342304,8.08e-08,24.3396912,2.13e-11,0.2712082056822871,11.045865161448631,3.398499383727929
135,2/21/19,0.0,0.0,0.0,1.18,2.15,0.0,0.0,0.0,0.0,0.000295357,0.0,0.000295357,0.0,0.001150835,0.302839059494207,11.8412766640162,2.895351357563984
136,9/11/16,0.0,0.0,0.0,2.03,5.49,0.0,0.0,0.0,0.0,0.000219292,0.0,0.000219292,0.0,5.95e-05,0.160059809806173,12.802842551360238,3.020302382038498
137,12/13/15,0.008,0.013,0.002,1.4,1.5,6.0,25.0,23.0,12.1234722,0.000485312,13.2123613,0.000485312,19.8148022,0.000689412,0.241005645314343,15.405072501872006,3.022344303251092
138,8/7/17,0.006,0.007,0.009,1.4,4.69,0.0,0.0,0.0,10.0200729,0.025856495,7.58510303,0.025856495,9.43086243,0.004767627,0.2957661836384771,19.99293853239548,3.1056562563196706
139,6/30/20,0.004,0.003,0.007,1.99,5.47,8.0,12.0,12.0,1.92675459,0.495672226,1.2912544,0.495672226,0.799021184,0.24998188,0.2560040505592109,17.369119638223918,2.0743389777223884
140,12/8/16,0.0,0.0,0.0,1.16,2.07,0.0,0.0,0.0,0.081033185,4.88e-06,0.071567439,4.88e-06,0.215942994,1.97e-06,0.2777128426070253,22.34977094347693,2.792958801650512
141,10/19/17,0.0,0.004,0.001,4.72,3.0,26.0,15.0,5.0,10.0096827,0.0,8.93148994,0.0,8.89821243,0.0,0.2111275458016351,16.354875412303564,2.9270268468405924
142,11/15/19,0.0,0.0,0.0,1.64,2.48,0.0,0.0,0.0,0.0,1.77e-06,0.0,1.77e-06,0.0,0.000710576,0.2301389650193605,19.91874759427667,2.3773915492595474
143,3/14/18,0.0,0.0,0.001,0.84,1.32,0.0,0.0,0.0,0.014921444,0.05530715,0.0,0.05530715,0.0,0.064319372,0.312045632675171,11.304585583637309,2.860114025488439
144,5/2/20,0.0,0.0,0.0,1.57,3.75,0.0,0.0,0.0,0.0,0.000933744,0.0,0.000933744,0.0,1.56e-05,0.2360754439534379,16.744883434760006,2.7080310909885137
145,10/7/16,0.002,0.002,0.004,1.18,1.88,0.0,0.0,0.0,9.55994701,0.103586912,10.968894,0.103586912,8.51524258,0.012784079,0.2806359351474155,19.609078537590705,3.0985128500640307
146,2/9/17,0.0,0.0,0.0,1.13,2.52,0.0,0.0,0.0,0.0,0.009723008,0.0,0.009723008,0.0,0.011868775,0.1978420767810988,16.869256842636997,3.042475137243752
147,2/28/19,0.001,0.001,0.0,1.45,4.31,0.0,0.0,0.0,0.007391304,0.037457049,0.0,0.037457049,0.0,0.047260523,0.1927454270942114,20.6169140211668,4.428804879141071
148,7/17/17,0.0,0.0,0.0,1.71,3.59,1.0,0.0,0.0,0.0,8.63e-05,0.0,8.63e-05,0.0,1.51e-06,0.2373643441459975,20.44209598171664,2.4416879586376776
149,12/12/18,0.045,0.045,0.013,1.01,1.83,28.0,15.0,42.0,2.98683286,2.33e-07,3.09009194,2.33e-07,3.15199471,4.92e-06,0.2191546447381688,18.790213187327723,3.537872265355003
150,8/8/18,0.005,0.006,0.007,1.36,3.04,0.0,0.0,2.0,1.41210628,0.008187443,1.70718241,0.008187443,0.908115983,8.62e-08,0.2664233036407393,12.858489081662253,3.4128730551652318
151,11/24/15,0.0,0.0,0.0,1.24,2.18,0.0,0.0,0.0,0.0,0.006195903,0.006176012,0.006195903,0.0,0.001062825,0.3120927557477566,19.985151615210597,3.3507089496813305
152,9/10/18,0.0,0.0,0.001,1.35,3.13,0.0,0.0,0.0,0.0,0.136470795,0.004142698,0.136470795,0.0,0.028444827,0.2530970624030586,19.01612157798696,3.243841118250537
153,6/21/19,0.0,0.0,0.0,2.91,9.48,0.0,0.0,0.0,0.367237717,0.00069486,0.0753958,0.00069486,0.042517904,0.000169891,0.2508596880597901,21.095249019301196,3.28557800552322
154,5/4/20,0.004,0.004,0.003,1.25,2.96,0.0,0.0,1.0,4.45204782,0.003227033,5.73977709,0.003227033,12.5119295,1.29e-05,0.2728631359261564,13.14068184132582,3.576528725189802
155,2/22/17,0.025,0.023,0.001,1.42,3.22,28.0,17.0,2.0,1.22354257,0.00057898,0.393358231,0.00057898,0.0,0.000739074,0.2797357860050318,18.08171449610696,2.6173569784203763
156,10/27/19,0.002,0.001,0.005,1.43,3.28,0.0,0.0,0.0,3.60235691,0.0406757,2.06600308,0.0406757,1.78795934,0.0315696,0.2783605640201718,25.88879024903132,3.4348476764307505
157,4/24/15,0.0,0.0,0.0,0.6225,1.62,0.0,0.0,0.0,0.0,5.66e-24,0.0,5.66e-24,0.0,2.03e-11,0.3025136373209513,16.48397406183266,2.4276865254577773
158,10/31/18,0.0,0.0,0.0,1.11,2.02,8.0,9.0,11.0,0.164846718,0.002544746,0.431500554,0.002544746,1.60954022,1.3e-08,0.29986101232113,14.121699007799988,2.7850665926085845
159,6/3/15,0.0,0.0,0.0,1.18,1.54,0.0,0.0,0.0,0.0,0.317144394,0.019247588,0.317144394,0.0,0.334203243,0.1867879969031122,11.676650170783615,3.671159250286363
160,4/15/19,0.011,0.015,0.003,1.1,1.55,0.0,0.0,0.0,4.08018446,0.010477379,5.26898956,0.010477379,6.39647198,0.015027076,0.2117365164909526,17.56830481694523,1.865647240190931
161,2/2/16,0.0,0.0,0.0,1.06,1.61,0.0,0.0,0.0,0.0,0.163882971,0.0,0.163882971,0.0,0.154870749,0.2695785136417861,13.019571504926583,3.110371773575565
162,1/19/20,0.0,0.0,0.0,1.095,1.47,0.0,0.0,0.0,0.0,1.97e-08,0.024081422,1.97e-08,0.0,1.86e-07,0.2558783020963153,23.382112246684965,2.775706019428449
163,10/27/18,0.0,0.001,0.0,1.14,2.25,0.0,0.0,0.0,0.0,0.0,0.0,0.0,0.0,4.31e-06,0.169748870044362,18.84756424238827,2.4539403161356077
164,5/7/19,0.0,0.0,0.0,1.11,1.54,0.0,0.0,0.0,0.176107422,0.0,0.477338076,0.0,0.000307817,0.002720766,0.2001349213446328,8.04351113974455,3.036979937611895
165,11/10/19,0.0,0.0,0.0,1.31,3.09,0.0,0.0,0.0,0.0,5.95e-05,0.0,5.95e-05,0.0,2.04e-05,0.1738382600094838,11.241489871330003,3.321184717484967
166,10/3/19,0.001,0.003,0.001,6.01,7.11,4.0,0.0,1.0,0.0,0.007858872,0.002546765,0.007858872,0.0,0.006802753,0.1826018557792406,15.303231181028984,3.4058467259605445
167,5/21/19,0.018,0.008,0.004,1.135,2.49,43.0,52.0,29.0,2.32358384,0.0,3.23831844,0.0,5.4030571,0.0,0.2404581238576309,18.506519703393995,3.4463158461135097
168,11/27/18,0.009,0.005,0.001,1.05,1.89,0.0,0.0,0.0,0.404789686,3.14e-13,2.04324746,3.14e-13,4.70562172,2.96e-08,0.1601268920178371,12.131572288393093,3.391564078032996
169,11/27/19,0.001,0.003,0.0,1.18,1.98,1.0,0.0,0.0,0.0,0.000141968,0.0,0.000141968,0.002783728,0.000897702,0.1863611873399275,10.5524225501017,3.129417379208128
170,5/10/20,0.0,0.0,0.0,1.17,1.94,0.0,0.0,0.0,0.0,7.07e-07,0.0,7.07e-07,0.0,5.94e-05,0.2860252828658367,15.29271191718763,2.903480999631153
171,10/15/18,0.0,0.0,0.0,3.17,3.92,0.0,0.0,0.0,0.0,4.95e-06,0.0,4.95e-06,0.0,1.67e-06,0.2248912011947393,22.094715077985857,3.0235399041051223
172,12/27/17,0.0,0.0,0.0,1.12,1.53,0.0,0.0,0.0,0.0,5.9e-08,0.0,5.9e-08,0.0,1.11e-06,0.1908171174120885,14.067626529301885,3.8505501364928416
173,10/1/17,0.016,0.007,0.026,1.43,3.16,0.0,0.0,0.0,18.9736462,0.0,10.4212551,0.0,5.10639763,1.29e-08,0.2180029188205758,21.48273222933813,2.685338918281288
174,4/29/20,0.0,0.001,0.0,1.79,4.95,65.0,53.0,44.0,0.0,2.59e-06,0.0,2.59e-06,0.0,5.55e-06,0.2372393112041024,22.434244371004095,2.698672306506105
175,2/13/18,0.0,0.0,0.0,1.02,1.58,0.0,0.0,0.0,0.0,2.31e-07,0.0,2.31e-07,0.0,5.39e-05,0.2231051008965277,17.392908999970338,2.6372626733046225
176,9/5/17,0.0,0.0,0.0,2.83,6.83,31.0,7.0,6.0,0.100848757,0.001619384,0.45297879,0.001619384,0.124908522,0.016817451,0.2349779202200859,14.46664218283858,2.428556395223393
177,7/3/20,0.0,0.0,0.0,2.78,4.19,0.0,0.0,0.0,0.0,0.350081921,0.003552726,0.350081921,0.010692102,0.283563137,0.2901690291707897,15.44475395172077,3.3350763492283217
178,3/23/20,0.0,0.0,0.0,1.11,1.51,0.0,0.0,0.0,0.0,0.000138406,0.0,0.000138406,0.0,0.000367546,0.1513045638413193,18.386998200181065,3.157432757278846
179,11/20/19,0.0,0.0,0.0,1.25,2.58,0.0,0.0,0.0,0.0,0.012502447,0.0,0.012502447,0.0,0.011251867,0.3301072451364739,16.622402825565132,2.674144314634004
180,7/25/15,0.0,0.0,0.0,1.05,1.49,0.0,0.0,0.0,0.0,0.372290611,0.0,0.372290611,0.0,0.435590744,0.1951522473405483,10.388882398559296,2.808849387703647
181,10/27/16,0.001,0.001,0.0,1.16,1.97,12.0,5.0,8.0,0.0,0.264680386,0.007439275,0.264680386,0.145458892,0.611543655,0.1551994867434244,21.63335024201075,2.459210235378052
182,2/13/20,0.0,0.0,0.0,1.12,1.5,0.0,0.0,0.0,0.0,2.78e-22,0.0,2.78e-22,0.0,5.8399999999999996e-24,0.3254895429412817,12.498326581549511,2.6672853197154462
183,9/28/19,0.0,0.0,0.0,1.36,2.65,0.0,0.0,0.0,0.0,2.3700000000000007e-21,0.0,2.3700000000000007e-21,0.0,2.75e-06,0.2975693784842641,15.096281614737048,3.0110240200782368
184,11/4/17,0.0,0.0,0.0,1.4,3.12,0.0,0.0,0.0,0.170702294,4.15e-05,0.085835569,4.15e-05,0.051946547,8.86e-05,0.2241691812042382,11.748921123771105,2.8467973275150955
185,6/3/16,0.0,0.0,0.0,1.63,5.64,5.0,8.0,2.0,0.008521625,6.53e-08,0.0,6.53e-08,0.0,1.67e-07,0.2909833299118352,11.953671981236496,2.951131018997345
186,7/17/19,0.0,0.0,0.0,1.4,2.97,0.0,0.0,0.0,0.0,0.000119547,0.0,0.000119547,0.0,0.001698593,0.2560575333386401,26.40725468383154,3.4771599308770407
187,5/14/17,0.0,0.001,0.0,1.28,1.74,1.0,0.0,0.0,0.0,0.000101578,0.0,0.000101578,0.0,0.000184088,0.2326875595268787,15.860772195900305,3.4622755462234216
188,2/7/18,0.0,0.0,0.0,1.03,1.35,0.0,0.0,0.0,0.0,0.000525126,0.0,0.000525126,0.0,0.004782714,0.2643296563116541,16.672318494370664,3.171035875013504
189,6/1/16,0.0,0.0,0.0,3.32,5.18,0.0,0.0,0.0,0.024324309,6.71e-07,0.082390755,6.71e-07,0.034159869,5.82e-07,0.2865118411117943,22.351214234158697,2.744174402277932
190,9/12/16,0.02,0.025,0.03,1.74,4.67,0.0,0.0,0.0,47.0169449,0.000745361,37.4259796,0.000745361,42.4011269,0.000882614,0.2087362688837115,21.1686416005355,3.0497350747935976
191,9/21/15,0.01,0.014,0.002,0.85,2.03,0.0,0.0,0.0,0.117254138,0.162649155,0.277153075,0.162649155,0.486311257,0.507044792,0.2357118719182093,16.336745584778807,2.933750309047852
192,3/24/19,0.0,0.0,0.0,1.14,1.9,0.0,0.0,0.0,0.0,0.018654764,0.0,0.018654764,0.0,0.01654923,0.3089396072172978,17.30521172181248,3.361607124795894
193,7/30/18,0.0,0.0,0.0,2.52,7.28,0.0,0.0,0.0,0.0,0.001498265,0.0,0.001498265,0.0,0.001426181,0.2973308535036844,16.073080827338785,2.414233066005772
194,3/5/17,0.0,0.0,0.0,1.18,2.19,0.0,0.0,0.0,0.0,1.44e-05,0.0,1.44e-05,0.0,0.002699811,0.3137739502719067,17.53952525703183,3.025595234143624
195,8/27/17,0.0,0.0,0.0,4.51,7.5,26.0,0.0,9.0,0.004741214,0.012690201,0.0,0.012690201,0.0,0.015509874,0.1798135114890166,12.652435173156697,2.9056181887148
196,11/18/15,0.0,0.001,0.0,1.24,1.87,2.0,5.0,2.0,0.014649347,0.40705204,0.009366211,0.40705204,0.01071416,1.83334351,0.3382598329607219,16.08029217981904,2.462457521575364
197,12/12/17,0.0,0.0,0.0,1.1,1.61,0.0,0.0,0.0,0.0,0.0,0.0,0.0,0.0,1.44e-10,0.2098736522297213,10.141024833295187,3.0639783776407006
198,4/8/18,0.001,0.002,0.003,1.03,1.39,0.0,0.0,1.0,0.998491228,0.05581677,0.942673564,0.05581677,0.640546441,0.062897801,0.2711396899076158,20.76273774204818,3.2314788627334123
199,5/3/15,0.0,0.0,0.0,0.52,1.36,18.0,17.0,15.0,0.0,2.4700000000000002e-21,0.0,2.4700000000000002e-21,0.0,1.47e-22,0.3109704404444758,13.342273596026647,2.1421752558022527
200,8/11/18,0.0,0.0,0.0,1.3,2.95,0.0,0.0,0.0,0.0,0.002214499,0.0,0.002214499,0.0,5.61e-07,0.2180841754757192,18.623953610053185,3.0275750633888423
201,1/18/20,0.0,0.0,0.0,1.095,1.49,0.0,0.0,0.0,0.0,6.14e-09,0.0,6.14e-09,0.0,1.26e-07,0.1692998852268776,18.69946592271913,2.6571323732717924
202,4/21/19,0.0,0.0,0.0,1.1,1.51,0.0,0.0,0.0,0.0,2.85e-05,0.0,2.85e-05,0.0,2.2e-05,0.2649186903652268,17.060694780117178,2.743582231985287
203,8/3/15,0.003,0.017,0.0,1.04,1.34,2.0,1.0,4.0,0.0,0.110560656,0.0,0.110560656,0.015324083,0.291502476,0.2835695728189056,17.74604554667401,3.56161518984885
204,3/1/17,0.0,0.0,0.0,1.26,2.42,3.0,0.0,0.0,0.0,0.000332552,0.0,0.000332552,0.0,0.000318722,0.1992568988423418,22.50200784898837,3.0107186703498865
205,9/11/15,0.0,0.0,0.0,1.02,2.63,0.0,0.0,0.0,0.0,0.908517838,0.0,0.908517838,0.0,0.186091661,0.1976037286709349,19.380913537730738,2.360174550323352
206,10/21/15,0.0,0.0,0.0,1.66,3.7,0.0,0.0,0.0,0.0,4.42e-07,0.0,4.42e-07,0.0,0.001808815,0.2058055552903228,17.95632124646631,2.683578829859628
207,9/19/19,0.0,0.0,0.0,1.72,5.5,0.0,0.0,0.0,0.0,0.0,0.0,0.0,0.0,0.0,0.228245095338541,18.963960058351987,3.7047500592549154
208,11/6/18,0.0,0.0,0.0,1.08,1.87,0.0,0.0,0.0,0.027854316,0.0,0.08372163,0.0,0.00951151,4.78e-09,0.2802444658487401,19.099896578765907,3.461476913134993
209,6/11/17,0.0,0.0,0.0,1.31,2.74,0.0,0.0,0.0,0.0,0.003905967,0.0,0.003905967,0.0,0.000994094,0.1870414466150014,15.282587534201902,3.184866159730613
210,3/23/19,0.0,0.0,0.0,1.14,1.98,0.0,0.0,0.0,0.0,0.018205494,0.0,0.018205494,0.0,0.01424253,0.2333768167460487,16.66160039494298,3.4409539369515416
211,5/20/15,0.0,0.0,0.0,1.08,1.35,0.0,0.0,0.0,0.0,0.385916233,0.0,0.385916233,0.0,0.54974556,0.2599108801019562,16.59200724759065,2.5299002814222686
212,6/7/16,0.0,0.0,0.0,1.47,3.64,0.0,0.0,0.0,0.0,4.22e-08,0.0,4.22e-08,0.000296833,1.43e-06,0.2036983973326484,18.13987743373448,2.55133940405958
213,2/19/16,0.002,0.001,0.008,1.22,1.46,0.0,0.0,0.0,43.7616959,0.002861582,26.8759918,0.002861582,10.5592709,1.97e-05,0.259129967672463,10.424835883427397,3.43583445541955
214,6/19/18,0.0,0.0,0.0,2.14,3.26,0.0,0.0,0.0,0.015795087,0.004806183,0.066652581,0.004806183,0.0,1.44e-10,0.2427485048307428,20.183437014843847,2.81858311106166
215,12/5/16,0.0,0.0,0.0,1.26,2.25,0.0,0.0,0.0,0.0,0.00199154,0.0,0.00199154,0.0,5.1e-06,0.1747106486577988,15.536989754406244,2.804556074860651
216,5/28/17,0.001,0.004,0.002,3.51,5.42,1.0,0.0,4.0,0.945652306,0.001217052,4.13831234,0.001217052,2.6997273,5.21e-05,0.2569782023937186,15.849421778276705,2.827580634250401
217,3/21/18,0.0,0.0,0.0,0.99,1.48,0.0,0.0,0.0,0.0,0.016120076,0.0,0.016120076,0.0,0.008479133,0.2955788400212185,18.21581096585524,2.6028950261709687
218,6/27/20,0.0,0.0,0.0,3.67,8.99,0.0,0.0,0.0,0.006418957,0.452971458,0.303139776,0.452971458,0.353199661,0.234103203,0.3221146080375307,18.80631019793618,2.442177778978494
219,4/1/19,0.001,0.0,0.0,1.11,1.7,0.0,0.0,0.0,0.065953642,3.790000000000001e-21,0.127594486,3.790000000000001e-21,0.010398849,3.83e-09,0.3381845909522908,12.853300173478075,2.5409489206228977
220,1/17/18,0.001,0.0,0.014,1.1125,1.61,0.0,0.0,0.0,5.23912477,0.000265811,18.0150261,0.000265811,11.6183119,0.00039814,0.3184617224136294,23.264669840097376,2.7246268581416104
221,5/22/19,0.001,0.001,0.0,1.82,3.78,3.0,5.0,1.0,0.032996904,0.0,0.0,0.0,0.010345861,0.0,0.2348612915215066,9.834123145328377,3.0651416212684075
222,12/4/15,0.013,0.008,0.002,1.18,1.67,1.0,0.0,0.0,0.000678628,0.000161876,0.138563842,0.000161876,0.0,0.000270945,0.288471085793489,12.510204635219791,4.225643225348029
223,11/5/15,0.0,0.0,0.0,1.28,2.37,0.0,0.0,0.0,1.34151447,0.527429581,0.739851773,0.527429581,0.388127685,0.675702095,0.2122377301771977,20.587162134606373,3.709500711109972
224,2/17/16,0.024,0.02,0.036,1.23,1.32,0.0,0.0,2.0,19.8250103,4.57e-05,12.7638311,4.57e-05,16.127615,1.7e-05,0.313984946558152,19.466713129824537,2.7812151153493816
225,5/30/16,0.002,0.002,0.0,1.29,3.49,24.0,12.0,5.0,0.103590615,4.85e-06,0.3310242,4.85e-06,2.40371466,3.17e-06,0.2549666321192793,16.245933230403146,3.173290517133623
226,1/8/19,0.0,0.0,0.0,6.85,6.685,60.0,9.0,12.0,0.000722253,1.51e-05,0.0,1.51e-05,0.130011797,2.97e-06,0.3204235251137864,10.775997518543123,3.358091395766755
227,2/16/18,0.0,0.0,0.0,1.0925,1.43,0.0,0.0,0.0,0.0,0.000293681,0.0,0.000293681,0.0,0.001039356,0.2935124692200238,17.471362573428635,3.0596306077762367
228,6/5/20,0.004,0.008,0.0,1.23,1.98,0.0,0.0,0.0,2.27082705,0.001538079,1.33954263,0.001538079,1.09358549,2.36e-07,0.1885470475845931,14.731403707073888,3.1126562124155024
229,11/7/15,0.0,0.0,0.0,1.26,2.22,0.0,0.0,0.0,0.0,0.174021721,0.0,0.174021721,0.0,0.330662727,0.2118587688641953,10.530221332004352,3.51027555246639
230,11/30/17,0.0,0.0,0.0,1.11,1.76,0.0,0.0,0.0,0.0,8.06e-09,0.0,8.06e-09,0.0,4.62e-06,0.2536386409850715,8.19861219952982,2.7211157714666285
231,5/17/20,0.0,0.0,0.0,1.13,1.67,0.0,0.0,0.0,0.0,4.97e-07,0.0,4.97e-07,0.0,0.000118237,0.2805476097352088,16.630382280001076,2.724855175478022
232,6/18/15,0.0,0.0,0.0,1.36,1.7,0.0,0.0,0.0,0.046496995,2.17e-06,0.008014813,2.17e-06,0.0,1.48e-05,0.2234440242562023,23.93048154695268,3.13516366937676
233,5/30/15,0.0,0.0,0.001,1.25,1.54,0.0,0.0,0.0,0.068665393,0.06531179,0.143700168,0.06531179,0.126294136,0.099375844,0.3258696525862853,17.017064235518976,2.3771473375031
234,2/21/17,0.004,0.004,0.01,1.52,3.7,0.0,0.0,0.0,5.74177074,0.000248523,53.3841286,0.000248523,14.9441166,0.000767363,0.3089128761731025,14.063275438161124,2.6327367159201467
235,3/20/16,0.027,0.029,0.007,0.96,1.55,8.0,6.0,9.0,31.5060062,0.076416135,25.62644,0.076416135,19.4238949,0.07724762,0.1667645005865256,20.824934142205308,2.8327377512836027
236,9/24/17,0.0,0.0,0.0,1.4,3.35,0.0,0.0,0.0,0.0,0.0,0.0,0.0,0.0,2.46e-06,0.2304270299179197,22.03650378827876,2.887028400849025
237,9/21/18,0.0,0.0,0.0,1.25,2.19,0.0,0.0,0.0,0.01064553,0.004796125,0.002234446,0.004796125,0.0,9.79e-05,0.185909286864674,14.911191587971464,3.4753305076198453
238,5/5/17,0.0,0.0,0.0,1.14,1.97,0.0,0.0,0.0,0.0,0.005473383,0.0,0.005473383,0.000995481,6.21e-05,0.2304316747144965,18.405659469030017,2.337144002441527
239,6/13/15,0.001,0.001,0.005,1.27,1.59,0.0,0.0,0.0,0.764133096,0.004802831,0.381447852,0.004802831,1.34896803,0.002606772,0.1741346988713275,16.679037247401567,2.977643599515639
240,3/27/16,0.002,0.009,0.0,0.93,1.55,17.0,17.0,9.0,1.53099334,0.247085094,3.40982914,0.247085094,3.31656456,0.124508142,0.2703422699384594,9.23874782334483,2.5344651527819897
241,4/29/16,0.0,0.0,0.0,2.29,6.28,0.0,0.0,0.0,0.290137857,0.003014971,0.435913235,0.003014971,0.148748457,0.000608526,0.3186732389676153,17.778356042706555,3.5266386784294737
242,10/28/15,0.0,0.0,0.0,1.37,2.89,0.0,0.0,0.0,0.0,0.338172913,0.0,0.338172913,0.0,0.007681176,0.2514357609506922,16.43766073027843,2.566473083058624
243,6/9/15,0.003,0.005,0.001,1.08,1.42,0.0,0.0,0.0,0.0,0.004309975,0.0,0.004309975,0.000370658,0.016555935,0.2905353324130516,22.01238284483057,2.695528964793017
244,11/26/15,0.002,0.002,0.002,1.24,2.19,0.0,0.0,0.0,0.548246682,0.020250678,0.29819265,0.020250678,0.241316646,0.050143898,0.1215323274614381,9.722697778980873,3.4451856319522407
245,9/10/15,0.018,0.014,0.006,1.01,2.55,21.0,15.0,17.0,19.6309128,0.210392475,14.2516584,0.210392475,19.4176521,0.055119395,0.2483420883904877,19.07390836977372,3.633490536888408
246,10/28/16,0.0,0.0,0.0,1.16,2.07,0.0,0.0,0.0,0.0,0.642228127,0.0,0.642228127,0.0,0.457692146,0.2725304519323279,21.118186152657387,2.820318043444944
247,5/21/20,0.013,0.026,0.002,1.11,1.6,0.0,4.0,0.0,6.78862572,3.42e-07,13.7670679,3.42e-07,21.5776043,2.6e-05,0.2966964672743901,11.515821085760091,2.820305981364206
248,1/8/18,0.0,0.0,0.0,1.015,1.86,0.0,0.0,0.0,0.0,9.74e-05,0.0,9.74e-05,0.0,0.000139663,0.2495246808263089,22.32330126767552,2.958798793104682
249,4/21/20,0.0,0.0,0.0,1.08,1.41,0.0,0.0,0.0,0.0,1.38e-05,0.0,1.38e-05,0.0,1.06e-05,0.3083217635383097,13.577826868117834,3.253246343695225
250,5/12/19,0.0,0.0,0.0,1.1,1.59,0.0,0.0,0.0,0.0,0.015583634,0.0,0.015583634,0.0,0.013561919,0.1539009159427842,13.630912786823307,4.416228522855841
251,6/24/16,0.0,0.0,0.0,1.09,2.42,0.0,0.0,0.0,0.0,6.74e-08,0.0,6.74e-08,0.0,2.53e-07,0.2621500899656702,19.10318727160371,4.365050594428589
252,6/26/17,0.0,0.0,0.0,1.19,1.99,0.0,0.0,0.0,0.0,2.71e-09,0.0,2.71e-09,0.0,1.98e-08,0.1951218134492744,18.530665021946582,2.8622955691613443
253,6/28/17,0.01,0.014,0.0,1.19,1.98,13.0,0.0,0.0,0.03774761,7.51e-08,0.741244197,7.51e-08,1.31847548,3.74e-07,0.2168847236082292,12.549277770940275,3.064094465827441
254,3/12/19,0.023,0.032,0.023,1.17,1.97,0.0,0.0,0.0,15.1145792,1.85e-09,18.6796894,1.85e-09,24.4877014,8.43e-09,0.274110487371494,20.878401138676303,2.8965412159742643
255,12/4/16,0.0,0.0,0.0,1.28,2.62,0.0,0.0,5.0,0.055686347,0.001700269,0.024459537,0.001700269,0.0,6.33e-06,0.2326521341349924,18.492880876659207,2.593231553556733
256,1/1/16,0.0,0.0,0.002,2.145,4.84,0.0,0.0,0.0,0.0,0.003808737,0.0,0.003808737,0.0,0.007272139,0.3146820618311455,18.63350898399974,3.244491518870439
257,5/16/15,0.0,0.0,0.0,1.235,1.38,0.0,0.0,0.0,0.0,0.499749184,0.0,0.499749184,0.0,0.387632847,0.2266762998341097,15.486314715886683,2.2615182632275364
258,3/11/19,0.0,0.0,0.001,1.17,1.99,0.0,0.0,0.0,0.0,1.47e-08,0.0,1.47e-08,0.0,4.21e-08,0.3339721877821581,16.045760300104092,3.236280763208617
259,7/16/18,0.0,0.0,0.0,1.705,3.48,0.0,0.0,0.0,0.0,0.015221536,0.003449904,0.015221536,0.039783236,0.004514493,0.216981743554396,13.28233171332742,4.131032279314835
260,12/6/18,0.0,0.0,0.0,1.09,1.91,0.0,0.0,0.0,0.013245945,2.32e-05,0.0,2.32e-05,0.0,1.85e-05,0.1591033446851231,17.81640923086988,2.737469904057131
261,6/16/15,0.0,0.0,0.0,1.28,1.6,0.0,0.0,0.0,0.029706806,1.38e-05,0.008478089,1.38e-05,0.0,1.05e-05,0.1916832199569316,24.91561325440611,3.3690110126776305
262,4/18/20,0.0,0.0,0.0,1.08,1.45,0.0,0.0,0.0,0.0,0.005288981,0.0,0.005288981,0.0,0.008103624,0.2293971938460934,19.77106624348769,2.267482760686048
263,12/23/18,0.0,0.0,0.0,2.09,6.785,0.0,0.0,0.0,0.0,0.078481436,0.0,0.078481436,0.0,0.149345398,0.3230062461896399,19.66368400918264,2.511437071050961
264,2/4/18,0.0,0.0,0.0,1.05,1.48,0.0,0.0,0.0,0.0,7.06e-06,0.0,7.06e-06,0.0,1.7e-05,0.3156706389456309,14.905481914711457,3.083190798418936
265,3/27/18,0.0,0.0,0.0,1.01,1.49,0.0,0.0,0.0,0.0,0.071159005,0.0,0.071159005,0.0,0.063300133,0.2349146746877163,17.29931846368835,2.1624959785957927
266,2/3/19,0.0,0.0,0.0,1.47,3.73,1.0,0.0,0.0,0.0,0.176328421,0.0,0.176328421,0.0,0.130087137,0.1918366742669252,14.7136324393394,2.9585116440070145
267,6/3/19,0.0,0.0,0.0,1.19,2.21,0.0,0.0,0.0,0.00095342,0.02508536,0.0,0.02508536,0.003907382,0.016703457,0.2675064614637201,11.590031489570595,4.152761955243269
268,12/9/19,0.0,0.0,0.0,1.13,1.7,0.0,0.0,0.0,0.0,1.88e-07,0.0,1.88e-07,0.025350662,9.2e-05,0.3063863047851037,16.365584012524828,2.754381750221812
269,5/1/15,0.0,0.0,0.001,0.51,1.39,0.0,0.0,0.0,0.01557278,3.43e-22,0.059498608,3.43e-22,0.00220801,2.29e-23,0.2020663720961647,17.316317082253665,2.495904740058781
270,12/16/19,0.0,0.0,0.0,1.13,1.55,15.0,15.0,14.0,0.0,0.002192706,0.0,0.002192706,0.0,0.001433725,0.3034179841311096,13.613567743374963,3.1702145682641407
271,11/17/16,0.002,0.001,0.003,1.71,1.83,2.0,1.0,1.0,1.98416305,0.0,4.42177439,0.0,5.55241871,0.0,0.2711468644287649,23.078484977738803,3.143637002645252
272,4/25/20,0.001,0.0,0.007,1.08,1.39,0.0,0.0,0.0,2.15066338,6.04e-06,2.05278206,6.04e-06,1.59119284,2.83e-07,0.2123213604764695,7.90262170128651,3.15535038611758
273,4/16/17,0.0,0.0,0.001,1.14,1.75,0.0,0.0,0.0,0.0,0.051243603,9.33e-05,0.051243603,0.0,0.015617162,0.3211851330297474,9.181709338125158,3.870972819355084
274,9/14/19,0.0,0.0,0.0,2.075,6.3,0.0,0.0,0.0,0.0,3.3000000000000004e-26,0.0,3.3000000000000004e-26,0.0,2.3e-26,0.2465348970708245,11.499456139616427,2.582200456347224
275,6/13/16,0.0,0.0,0.0,1.21,3.07,0.0,0.0,0.0,0.0,4.93e-07,0.0,4.93e-07,0.006022997,3.41e-06,0.3144744434840878,19.074084645773503,2.6505818548956643
276,7/31/19,0.0,0.0,0.0,1.82,4.87,0.0,0.0,0.0,0.0,2.62e-07,0.0,2.62e-07,0.0,1.18e-06,0.2559830166706775,12.44628347665516,2.6835139182508905
277,2/20/20,0.0,0.0,0.0,1.15,1.94,0.0,0.0,0.0,0.0,9.85e-05,0.0,9.85e-05,0.0,0.003786944,0.1220538470059543,11.880870485863536,2.8024917122498327
278,3/31/19,0.0,0.0,0.0,1.11,1.72,0.0,0.0,4.0,0.006199209,0.0,0.168743342,0.0,0.0,1.09e-08,0.154371615601618,15.681178046734653,3.7394136042199806
279,5/29/19,0.0,0.0,0.0,1.24,2.9,0.0,0.0,0.0,0.250791579,2.45e-07,0.138541222,2.45e-07,0.063831747,0.000107026,0.2624781148672212,19.486985639075314,1.9293664258067644
280,5/15/15,0.0,0.0,0.0,1.235,1.38,0.0,0.0,0.0,0.0,0.421750546,0.0,0.421750546,0.08245264,0.288069248,0.309211212746627,19.030477826209072,1.9360095235228292
281,11/6/19,0.0,0.0,0.0,1.58,4.91,0.0,0.0,0.0,0.057700336,0.013786554,0.017414041,0.013786554,0.0,0.028069317,0.1941136834403692,18.16702033611249,2.4175732139537747
282,9/16/15,0.0,0.003,0.001,0.93,2.47,0.0,0.0,0.0,0.632066131,2.50797272,0.353778303,2.50797272,0.599277675,1.13081932,0.2171930820954611,17.96057953365161,2.731604544294774
283,6/12/16,0.0,0.0,0.0,1.22,3.19,0.0,0.0,0.0,0.0,8.75e-07,0.0,8.75e-07,0.0,4.33e-06,0.242979336362823,14.321990450215088,2.8015384800884964
284,12/19/17,0.0,0.0,0.006,1.11,1.72,0.0,0.0,0.0,1.33890939,7.4e-06,1.07110858,7.4e-06,0.605020761,2.36e-05,0.2624292981019609,14.91155280647796,3.285950180374108
285,4/26/20,0.004,0.005,0.0,1.08,1.38,13.0,6.0,4.0,1.78051233,7.53e-07,2.43908358,7.53e-07,7.48842144,1.83e-07,0.144085743811503,14.021662554098052,2.435240878847269
286,6/30/19,0.0,0.0,0.0,4.54,3.78,0.0,0.0,0.0,0.0,0.015570223,0.0,0.015570223,0.0,0.01097694,0.3108681414972444,10.550662630794427,3.376204680633045
287,6/21/18,0.005,0.005,0.008,1.36,2.58,0.0,0.0,15.0,4.3000102,0.000622147,3.19376183,0.000622147,2.30818248,8.51e-08,0.2344131198461293,15.238250047451949,3.563649873228401
288,3/17/16,0.0,0.0,0.0,0.99,1.37,0.0,0.0,0.0,0.0,0.017300248,0.0,0.017300248,0.0,0.000631367,0.2307472684256873,18.76285410193283,3.2385959706317538
289,3/10/16,0.001,0.004,0.002,1.01,1.5,0.0,0.0,0.0,0.683881879,4.5e-07,0.425159931,4.5e-07,0.932674587,8.13e-08,0.1665917196036255,14.23279075248325,3.96291347178186
290,9/20/16,0.0,0.0,0.0,1.53,3.93,0.0,0.0,0.0,0.0,3.64e-07,0.0,3.64e-07,0.0,1.99e-07,0.2619579369290448,14.364591816757322,2.7056187348726124
291,5/18/20,0.0,0.0,0.0,1.12,1.65,0.0,0.0,0.0,0.0,4.69e-07,0.0,4.69e-07,0.0,6.7e-05,0.2722464674281665,10.371516901263412,3.109241966924216
292,7/29/16,0.0,0.0,0.0,3.81,7.03,0.0,0.0,0.0,0.0,0.000400865,0.0,0.000400865,0.0,0.000267592,0.3226181698550605,15.97189625571974,2.6510887541734576
293,1/23/16,0.002,0.0,0.0,1.57,1.71,0.0,0.0,0.0,0.702903628,4.13e-05,1.36582124,4.13e-05,0.085748404,5.2e-06,0.2058216519468962,10.547489664230197,3.2748963523230348
294,1/31/18,0.0,0.0,0.0,1.05,1.57,0.0,0.0,0.0,0.0,0.000176072,0.0,0.000176072,0.0,6.82e-05,0.1642097938056537,15.315703115721863,3.254043555434519
295,10/3/15,0.0,0.0,0.0,4.28,6.37,0.0,0.0,0.0,0.0,0.000665523,0.0,0.000665523,0.0,7.38e-05,0.2971690838625498,19.55412674079288,3.629239241324037
296,11/12/16,0.0,0.0,0.0,1.22,2.1,0.0,0.0,0.0,0.0,1.1100000000000001e-29,0.0,1.1100000000000001e-29,0.0,4.79e-05,0.3213753299699742,17.962021438315748,4.083021060669866
297,6/3/18,0.0,0.0,0.0,2.15,3.92,0.0,0.0,0.0,0.0,0.000760658,0.0,0.000760658,0.0,0.000383472,0.2536219272245069,16.11934157630784,3.072905786839768
298,5/12/20,0.0,0.0,0.0,1.15,1.85,0.0,0.0,0.0,0.0,8.5e-06,0.0,8.5e-06,0.0,0.000151712,0.1969319372158017,10.883556539815984,1.979269034002696
299,6/16/19,0.033,0.024,0.051,5.73,8.64,123.0,144.0,162.0,65.5517044,0.002132356,53.1262398,0.002132356,42.3862686,0.002100505,0.2774574193635282,16.74568676049147,3.3177874295129155
300,9/13/19,0.0,0.0,0.0,3.2075,7.64,0.0,0.0,0.0,0.0,2.55e-26,0.038977839,2.55e-26,0.000615427,1.5600000000000002e-26,0.2410229350231788,12.290614537032704,3.1736176561907423
301,6/23/19,0.0,0.0,0.001,2.04,6.4,0.0,0.0,0.0,0.033539344,0.000514439,0.008571467,0.000514439,0.004894023,0.000802567,0.3423859328803883,20.700739739717548,3.4107700831055285
302,10/24/17,0.0,0.0,0.0,1.74,5.07,0.0,0.0,0.0,0.013089116,0.0,0.007071987,0.0,0.005718884,0.0,0.1757950573247106,14.479670917668974,2.897770007085259
303,11/4/18,0.0,0.0,0.0,1.1,1.88,0.0,0.0,0.0,0.0,0.0,0.0,0.0,0.0,2.41e-08,0.2275931464713535,13.024002037118755,2.2139196702449038
304,9/17/17,0.0,0.0,0.0,2.93,7.55,0.0,0.0,0.0,0.0,0.000290223,0.0,0.000290223,0.0,0.000178011,0.2424874632486473,20.002166543491946,3.090956531472398
305,8/13/18,0.0,0.0,0.001,1.27,2.67,0.0,0.0,0.0,0.02243677,0.000118499,0.0,0.000118499,0.0,9.72e-07,0.3153412574312401,14.219995583974674,2.4797490131227247
306,5/19/16,0.0,0.0,0.0,1.42,3.29,0.0,0.0,0.0,0.0,1.64e-08,0.0,1.64e-08,0.0,5.07e-07,0.2166233192572049,16.045649438832303,3.152874086049263
307,7/3/19,0.0,0.0,0.0,2.06,5.91,0.0,0.0,0.0,0.0,0.028565526,0.003655826,0.028565526,0.0,0.097632408,0.2770995765523723,13.46923389734521,2.5394759146365526
308,8/2/15,0.014,0.015,0.002,1.04,1.26,4.0,17.0,5.0,0.891409218,0.249123573,1.02259719,0.249123573,3.18231082,0.380337238,0.3016090829946681,24.575049477755723,3.6984298434872422
309,6/27/16,0.053,0.034,0.009,1.07,2.27,4.0,2.0,5.0,13.3170252,5.64e-09,14.571394,5.64e-09,14.7382832,3.43e-08,0.2703512852959207,17.67119893358353,3.289571702955809
310,3/8/16,0.0,0.0,0.0,1.03,1.54,0.0,0.0,0.0,0.0,4.48e-08,0.0,4.48e-08,0.0,1.09e-10,0.2583195789148606,17.55764786313163,2.4051352353639834
311,11/29/18,0.0,0.0,0.0,1.04,1.78,1.0,6.0,5.0,0.0,1.49e-12,0.0,1.49e-12,0.0,1.32e-14,0.2528189127327752,13.733413981683066,2.4164509226480573
312,10/27/17,0.022,0.016,0.019,1.38,3.28,0.0,0.0,0.0,0.377939463,6.47e-13,0.921655357,6.47e-13,2.3476758,4.29e-17,0.3044404225810863,18.30546460517995,1.987625582853793
313,3/19/20,0.0,0.0,0.0,1.12,1.56,2.0,0.0,5.0,0.0,1.14e-05,0.0,1.14e-05,0.0,1.57e-05,0.2985961117953332,11.547057086320647,3.3830270281383714
314,5/21/16,0.0,0.0,0.0,1.27,3.45,0.0,0.0,0.0,0.002726448,9.9e-07,0.0,9.9e-07,0.022762727,9.73e-06,0.2804324879272967,17.555290903566792,2.7876675927817525
315,11/5/17,0.0,0.0,0.0,1.51,3.04,0.0,0.0,0.0,0.034548122,1.27e-05,0.016740438,1.27e-05,0.005702277,5.56e-05,0.2254997824719148,19.623794984986837,4.189497455451434
316,10/12/15,0.001,0.002,0.001,1.49,3.84,0.0,9.0,0.0,0.062417757,1.12e-06,1.03266478,1.12e-06,0.172804072,8.06e-07,0.2656860456399252,12.778593883884326,3.327029021881008
317,8/17/18,0.0,0.0,0.0,1.22,2.53,0.0,0.0,0.0,0.0,3.07e-05,0.0,3.07e-05,0.0,7.96e-06,0.3226886401209141,13.166001798901952,3.798281106126988
318,8/29/19,0.001,0.0,0.001,2.17,2.53,0.0,0.0,0.0,0.019678997,4.48e-27,0.014772244,4.48e-27,0.0,9.019999999999999e-28,0.3049353562848506,19.045897986956785,1.9582991419099791
319,10/11/19,0.0,0.0,0.003,1.59,3.76,0.0,5.0,0.0,0.191379428,3.97e-16,1.66858828,3.97e-16,5.71117163,2.39e-08,0.1941683255518727,16.24015723951077,3.4937625148526
320,3/3/20,0.0,0.0,0.0,1.08,1.5,0.0,0.0,0.0,0.0,0.002269819,0.0,0.002269819,0.0,0.013954192,0.2696378888185687,7.18312645849876,3.2424303252281708
321,12/23/15,0.015,0.009,0.003,1.3,3.91,20.0,52.0,33.0,3.37131906,0.057265163,2.70235324,0.057265163,1.72029293,0.079098344,0.2550577238610303,18.193112515752304,2.315794936882383
322,4/26/18,0.0,0.0,0.0,1.1,1.39,0.0,0.0,0.0,0.000453458,0.00408534,0.010742262,0.00408534,0.04121384,0.01219064,0.2845349564448038,17.90122769620955,3.353356341761083
323,6/7/15,0.003,0.003,0.0,1.06,1.38,2.0,3.0,0.0,0.0,0.096184015,0.0,0.096184015,0.0,0.099214912,0.3145232176400585,14.58342181828914,2.8839987437577577
324,7/23/16,0.0,0.0,0.0,1.24,3.42,0.0,0.0,0.0,0.049599182,0.050251186,0.018333413,0.050251186,0.004951192,0.206691027,0.3016145155239674,8.661636670835653,3.231345453709085
325,5/12/17,0.007,0.012,0.008,1.12,1.79,0.0,0.0,0.0,25.797121,0.001349486,33.767189,0.001349486,40.8439827,0.001529697,0.2802704584882805,18.09970581109833,3.4172384988497075
326,5/16/16,0.0,0.0,0.0,1.24,2.82,11.0,10.0,4.0,0.0,6.52e-20,0.0,6.52e-20,0.0,5.48e-11,0.282858542266063,13.035692024747323,3.391191987604233
327,1/14/20,0.0,0.0,0.001,1.09,1.44,0.0,0.0,0.0,0.0,5.86e-22,0.0,5.86e-22,0.020862287,1.05e-08,0.2278677035320234,27.711175196621205,3.933584251630261
328,12/20/18,0.001,0.001,0.02,3.18,7.1525,0.0,0.0,0.0,5.98937464,0.049754977,4.56205797,0.049754977,0.49880743,0.024428219,0.2394376991405063,18.95385898464233,3.74175819608993
329,4/14/20,0.002,0.005,0.003,1.1,1.49,8.0,23.0,12.0,3.8179965,0.006195903,6.54238749,0.006195903,1.25592875,0.109809637,0.2698785186113712,16.974655962393342,2.970963011797522
330,9/23/18,0.047,0.055,0.02,1.27,2.02,31.0,15.0,13.0,25.2306309,0.003466755,31.8696384,0.003466755,35.0470276,0.00102804,0.161134456360574,18.51747225155292,3.219453665082124
331,7/25/19,0.025,0.033,0.013,1.3275,2.74,0.0,0.0,1.0,14.9131927,0.011184812,15.6111813,0.011184812,19.9616013,0.011590496,0.1893619070265282,22.72590568862217,2.749495227010467
332,3/31/16,0.0,0.0,0.0,0.9,1.59,0.0,0.0,0.0,0.0,17.1867371,0.0,17.1867371,0.0,1.15056038,0.2118642053883427,18.10313397214047,2.266346852504406
333,5/11/20,0.0,0.0,0.0,1.16,1.89,0.0,0.0,0.0,0.0,7e-06,0.0,7e-06,0.017000459,0.000253029,0.3404946232073143,13.215781699100038,3.0068495053672946
334,12/31/19,0.007,0.006,0.024,1.4475,1.48,21.0,32.0,30.0,13.8287401,1.27e-23,16.9416428,1.27e-23,21.8392677,1.5800000000000002e-27,0.2779674655287573,21.38652573940471,3.259402549343708
335,3/8/17,0.0,0.0,0.001,1.24,2.01,0.0,0.0,0.0,1.65585613,0.012780726,1.22498596,0.012780726,0.148301154,0.007362664,0.4043987623661192,19.01099612539981,3.466210744899456
336,4/23/20,0.0,0.0,0.0,1.08,1.39,0.0,0.0,0.0,0.0,3.84e-06,0.0,3.84e-06,0.003439443,1.23e-06,0.2306426067760755,17.229448840776495,3.3291594934736937
337,6/4/19,0.0,0.0,0.0,1.18,2.15,0.0,0.0,0.0,0.0,0.025092065,0.0,0.025092065,0.0,0.016951561,0.2650219557297397,21.78433016245321,2.433644583144549
338,8/19/19,0.0,0.0,0.0,1.61,3.23,0.0,0.0,0.0,0.127423882,0.0,0.049771018,0.0,0.008807278,8.79e-09,0.2124726556617402,19.568554230963848,2.6114683182668
339,10/5/18,0.0,0.0,0.0,2.05,3.71,0.0,0.0,0.0,0.0,0.027680397,0.0,0.027680397,0.0,0.017964095,0.2287818937561191,17.660311684550216,3.4004985514285213
340,7/1/19,0.0,0.0,0.0,3.69,5.06,0.0,0.0,0.0,0.0,0.004090369,0.0,0.004090369,0.0,0.002448354,0.3379130001427243,17.52471922974749,2.344675716990725
341,9/7/19,0.005,0.015,0.0,1.4475,2.82,3.25,0.0,0.0,0.055597246,0.008462369,0.051708609,0.008462369,0.1172776,0.018373132,0.2494701958245593,18.52531460919756,2.9033522622098755
342,3/6/17,0.0,0.0,0.0,1.44,2.14,0.0,0.0,0.0,0.019232106,8.75e-05,0.0,8.75e-05,0.035252679,0.006457418,0.1729753896651753,15.24557059337023,2.705176190271298
343,2/27/18,0.0,0.001,0.0,1.02,1.31,0.0,0.0,0.0,1.34458256,1.75e-05,0.068224527,1.75e-05,0.238432735,2.09e-05,0.2890314662170101,15.84276161456546,3.757800869857568
344,3/26/20,0.0,0.0,0.0,1.1,1.49,0.0,0.0,0.0,0.002091438,3.1e-05,0.0,3.1e-05,0.023750715,4.63e-05,0.2321290704138747,20.89225908943565,3.77530435495595
345,12/18/15,0.043,0.067,0.0,1.17,1.85,50.0,70.0,57.0,2.8451283,0.018165261,4.33596277,0.018165261,4.73929024,0.021591783,0.2137016721507151,17.066242779476553,3.2099275757476
346,10/6/18,0.0,0.0,0.0,1.54,2.83,0.0,0.0,0.0,0.0,0.035177171,0.0,0.035177171,0.0,0.034117699,0.2098660751754058,16.88404535032419,3.1904846434057226
347,11/27/15,0.027,0.032,0.03,1.22,2.04,0.0,0.0,0.0,2.17264509,0.028002262,1.64414668,0.028002262,1.58246112,0.061610341,0.357286368353147,19.575760330060252,2.407222416301976
348,4/26/17,0.018,0.024,0.001,1.13,1.65,26.0,36.0,27.0,12.9209824,0.002780277,12.9082947,0.002780277,10.1224289,0.004211068,0.2368225772070548,11.976563555495645,3.295964205426592
349,5/15/20,0.0,0.0,0.0,1.14,1.73,0.0,0.0,0.0,0.065504305,5.82e-07,0.353130788,5.82e-07,0.069657646,4.13e-05,0.26354243793905,12.012492636187016,2.534312075320817
350,1/13/19,0.019,0.016,0.01,2.05,7.765,0.0,0.0,0.0,13.790925,0.103613734,10.3400679,0.103613734,5.21580791,0.01363568,0.2248790525235789,9.555278405738829,2.6908009817234806
351,6/8/18,0.0,0.0,0.0,1.35,3.13,0.0,0.0,0.0,0.010347448,0.006326661,0.032259747,0.006326661,0.052165411,0.007523596,0.2174843531227688,22.85617211639372,3.703666640669974
352,4/6/17,0.0,0.0,0.0,1.1,1.63,0.0,0.0,0.0,0.0,0.006916747,0.0,0.006916747,0.0,0.00333013,0.2737723405302181,17.83476974418097,2.8010070455791927
353,10/29/17,0.0,0.001,0.0,3.2,3.72,0.0,0.0,0.0,0.006786607,0.000451575,0.0,0.000451575,0.0,4.76e-05,0.1812863115356446,18.26842710753473,3.029554935651208
354,9/26/16,0.0,0.0,0.0,1.32,2.77,0.0,0.0,0.0,0.0,0.048360229,0.0,0.048360229,0.0,1.44e-05,0.3006217426599589,16.210993831261366,2.985403578054021
355,11/19/19,0.0,0.0,0.0,1.27,2.74,0.0,0.0,0.0,0.0,0.012908131,0.0,0.012908131,0.0,0.011550263,0.2029429031358676,11.396322052964262,2.855759416019493
356,5/31/16,0.0,0.0,0.0,2.67,5.0,0.0,0.0,1.0,0.0,2.11e-06,0.0,2.11e-06,0.0,1.32e-06,0.3230898261874577,22.573186336457464,2.8231928925805883
357,4/26/19,0.052,0.057,0.033,1.1,1.49,0.0,0.0,1.0,13.7884121,0.0,12.122612,0.0,13.0498266,0.0,0.2666709035797335,18.03388061361688,3.4906095405482187
358,6/11/15,0.0,0.0,0.0,1.2,1.52,0.0,0.0,0.0,0.112324111,0.000229036,0.102762081,0.000229036,0.035587147,0.000735931,0.2104426628337531,27.63706547771765,3.1350474780223183
359,1/30/17,0.001,0.001,0.0,1.13,1.99,0.0,0.0,0.0,0.0,1.65e-06,0.0,1.65e-06,0.0,1.22e-05,0.2441629729988512,16.291287135666476,2.111493744331056
360,12/16/15,0.0,0.0,0.0,1.42,1.64,0.0,0.0,0.0,0.0,0.001719128,0.0,0.001719128,0.0,0.001783669,0.273144087264738,20.018425242042827,3.4045145619202546
361,5/22/15,0.0,0.0,0.0,1.04,1.29,0.0,0.0,0.0,0.016295848,0.254809856,0.002700312,0.254809856,0.000215416,0.470352173,0.3211685733616519,17.853994330252682,3.437643444450979
362,12/11/16,0.0,0.0,0.0,1.38,1.82,0.0,0.0,0.0,0.0,3.18e-08,0.0,3.18e-08,0.0,5.38e-07,0.2515186634928839,20.5297062480766,2.832081032680528
363,3/31/17,0.0,0.0,0.0,1.12,1.85,0.0,0.0,0.0,0.019244349,0.008995458,0.020262256,0.008995458,0.011704101,0.007017329,0.1710222314225966,14.850918924805825,3.0038090498180634
364,11/8/18,0.0,0.0,0.0,1.07,1.84,0.0,0.0,0.0,0.0,0.0,0.0,0.0,0.0,1.78e-10,0.3094263302152609,18.323377101601995,2.8728516419170966
365,2/27/16,0.0,0.0,0.0,1.18,1.54,19.0,25.0,35.0,0.212351575,4.17e-09,0.039748706,4.17e-09,0.352885932,2.72e-08,0.2446904129705877,18.035828462821662,3.324766319352103
366,10/29/18,0.0,0.0,0.0,1.12,2.1,0.0,0.0,0.0,0.0,1.4000000000000001e-30,0.0,1.4000000000000001e-30,0.0,1.14e-05,0.2785656522779443,21.250333433117767,2.615675918210573
367,5/4/17,0.0,0.0,0.0,1.14,2.07,0.0,0.0,0.0,0.0,0.018520653,0.0,0.018520653,0.0,0.000291271,0.2849792606176938,16.089239898176135,2.818176584483363
368,3/28/17,0.0,0.0,0.0,1.14,2.08,0.0,0.0,0.0,0.0,0.003431551,0.0,0.003431551,0.0,0.000355707,0.2559240639397653,13.684102058814863,1.913931287289454
369,4/3/17,0.001,0.0,0.001,1.1,1.64,0.0,0.0,0.0,0.225256845,0.018037856,0.585722327,0.018037856,0.139073744,0.013229996,0.2721482453562426,14.463592259802043,2.830667182032541
370,6/22/19,0.0,0.0,0.001,2.32,7.65,0.0,0.0,0.0,0.0,0.00010907,0.0,0.00010907,0.0,0.000397302,0.2506233271273855,19.73473781738376,2.968028831934377
371,7/11/17,0.007,0.01,0.0,1.46,3.4,22.0,13.0,14.0,0.24907513,1.56e-05,0.483079493,1.56e-05,1.37743294,0.000220758,0.2423326809212389,20.963707785008182,2.8064555966168565
372,7/27/16,0.0,0.0,0.0,4.21,6.07,4.0,2.0,0.0,0.204430088,0.000607688,0.029536057,0.000607688,0.03183623,0.007074326,0.2019610418238286,14.675667940205912,2.2377942946598
373,11/30/16,0.0,0.0,0.0,2.18,3.26,0.0,0.0,0.0,0.0,1.77e-05,0.0,1.77e-05,0.0,4.39e-06,0.290247156345305,19.49235813332057,2.413400214127159
374,4/17/16,0.018,0.013,0.033,2.58,6.58,54.0,116.0,111.0,129.323105,0.008747354,155.333038,0.008747354,178.718414,0.018118322,0.2459279937676249,12.54431107645173,1.9882656487931567
375,2/2/19,0.001,0.001,0.0,2.05,4.03,0.0,4.0,13.0,0.172030687,0.105652213,1.024441,0.105652213,0.41220504,0.076040626,0.2636571159969747,17.31818853315871,4.033180376317479
376,9/20/17,0.0,0.0,0.0,1.63,4.7,0.0,0.0,0.0,0.0,0.001494912,0.0,0.001494912,0.0,0.000291795,0.2775975915025091,22.623818600803943,3.590037800223348
377,6/16/20,0.0,0.0,0.0,1.37,2.06,3.0,6.0,4.0,0.424871415,0.171017647,0.074459203,0.171017647,5.26422215,0.03592819,0.2126825816154464,13.436572244849453,2.539670250741951
378,9/9/19,0.054,0.048,0.036,1.2325,2.56,27.0,23.0,19.0,68.0742645,0.014678389,71.4701691,0.014678389,62.3832703,0.019197911,0.2719016736208935,18.60925773684441,2.838169816436265
379,8/6/18,0.0,0.0,0.0,1.41,3.46,0.0,0.0,0.0,0.0,0.016448647,0.0,0.016448647,0.0,1.45e-05,0.2390974322170725,17.00562348215056,3.925929028534367
380,9/8/16,0.0,0.0,0.0,3.58,7.53,1.0,3.0,0.0,0.0,0.001204899,0.0,0.001204899,0.0,7.01e-07,0.295431770474748,14.105111930777456,3.066928948351469
381,10/10/15,0.005,0.006,0.0,1.64,4.01,0.0,0.0,0.0,4.32541466,2.8200000000000003e-22,3.93157005,2.8200000000000003e-22,2.93504405,6.41e-22,0.1804738136051464,17.184854556757582,3.188235779844538
382,10/19/16,0.026,0.022,0.041,1.23,1.62,0.0,0.0,6.0,8.05104637,4.54044342,9.50987434,4.54044342,10.0262365,0.422716141,0.3677632935706139,11.903155983802735,2.448320425009834
383,3/21/17,0.0,0.0,0.0,1.18,2.3,0.0,0.0,0.0,0.002404846,4.64e-05,0.0,4.64e-05,0.0,0.000470434,0.2277957544002769,14.801787734680705,2.6718484629636103
384,5/6/18,0.0,0.001,0.0,1.12,1.8,0.0,0.0,1.0,0.0,6.94e-05,0.0,6.94e-05,0.0,0.000123004,0.2486492299595347,14.939139296691632,3.3539763739480946
385,12/5/17,0.001,0.001,0.0,1.09,1.72,0.0,0.0,0.0,0.0,8.3e-12,0.0,8.3e-12,0.0,3.38e-13,0.3210772855933366,16.99844816015496,2.641145469975247
386,12/4/17,0.0,0.0,0.0,1.1,1.68,0.0,0.0,4.0,0.042828761,7.09e-13,0.160037369,7.09e-13,0.256700635,3.67e-13,0.2445194152405884,18.71650186297512,3.706715751800319
